Region,AvgProfit
South,28.857846
West,33.848835
Central,17.091885
East,32.135829
